<VisualMicro>
  <Program Name="TemperatureControl" Ext=".ino" Location="D:\My Documents\Github\Arduino-Code-and-Libraries\Libraries\CmdMessenger\Examples\TemperatureControl">
    <Platform Name="arduino10x" Platform="avr" Package="arduino" Architecture="avr">
      <Board Name="nano328" Description="Arduino Nano w/ ATmega328" CoreFolder="C:\Program Files (x86)\Arduino\hardware\arduino\cores\arduino" VariantFullPath="C:\Program Files (x86)\Arduino\hardware\arduino\variants\eightanaloginputs" McuIdePath="C:\Program Files (x86)\Arduino" McuSketchBookPath="C:\Users\nly96630\Documents\Arduino" name="Arduino Nano w/ ATmega328" upload.protocol="arduino" upload.maximum_size="30720" upload.speed="57600" bootloader.low_fuses="0xFF" bootloader.high_fuses="0xDA" bootloader.extended_fuses="0x05" bootloader.path="atmega" bootloader.file="ATmegaBOOT_168_atmega328.hex" bootloader.unlock_bits="0x3F" bootloader.lock_bits="0x0F" build.mcu="atmega328p" build.f_cpu="16000000L" build.core="arduino" build.variant="eightanaloginputs" runtime.ide.path="C:\Program Files (x86)\Arduino" build.system.path="C:\Program Files (x86)\Arduino\hardware\arduino\system" runtime.ide.version="105" originalid="nano328" vm.platform.root.path="C:\Program Files (x86)\Visual Micro\Visual Micro for Arduino\Micro Platforms\arduino10x" build.core.vmresolved="C:\Program Files (x86)\Arduino\hardware\arduino\cores\arduino" build.core.parentfolder.vmresolved="C:\Program Files (x86)\Arduino\hardware\arduino\cores" build.core.coresparentfolder.vmresolved="C:\Program Files (x86)\Arduino\hardware\arduino" vm.core.include="arduino.h" ide.hint="Arduino 0023 and 1.0.x Ide" ide.location.key="Arduino" ide.location.ide.winreg="Arduino 1.0.x Application" ide.location.sketchbook.winreg="Arduino 1.0.x Sketchbook" ide.location.sketchbook.preferences="sketchbook.path" ide.location.sketchbook.default="%MYDOCUMENTS%\arduino" ide.location.preferences="%VM_APPDATA_ROAMING%\arduino\preferences.txt" ide.default.package="arduino" ide.default.platform="avr" ide.multiplatform="true" ide.includes="arduino.h" ide.platformswithoutpackage="true" ide.includes.fallback="wprogram.h" ide.extension="ino" ide.extension.fallback="pde" ide.versionLTEQ="149" ide.exe="arduino.exe" ide.hosts="atmel" ide.url="http://arduino.cc/en/Main/Software" vm.debug="true" software="ARDUINO" ide.appid="arduino10x" location.sketchbook="C:\Users\nly96630\Documents\Arduino" build.board="AVR_NANO328" vm.boardsource.path="C:\Program Files (x86)\Arduino\hardware\arduino" vm.platformname.name="avr" build.arch="AVR" build.variant.vmresolved="C:\Program Files (x86)\Arduino\hardware\arduino\variants\eightanaloginputs" vm.runtime.compiler.showwarnings="false" compiler.path="C:\Program Files (x86)\Arduino\hardware\tools\avr\bin\" includes=" -I&quot;C:\Program Files (x86)\Arduino\hardware\arduino\cores\arduino&quot;  -I&quot;C:\Program Files (x86)\Arduino\hardware\arduino\variants\eightanaloginputs&quot;  -I&quot;C:\Users\nly96630\Documents\Arduino\libraries\Adafruit_MAX31855&quot;  -I&quot;C:\Users\nly96630\Documents\Arduino\libraries\HeaterSim&quot;  -I&quot;C:\Users\nly96630\Documents\Arduino\libraries\CmdMessenger&quot;  -I&quot;C:\Users\nly96630\Documents\Arduino\libraries\PID_v1&quot;  -I&quot;C:\Users\nly96630\Documents\Arduino\libraries\TemperatureController&quot;  -I&quot;C:\Program Files (x86)\Arduino\libraries&quot;  -I&quot;C:\Program Files (x86)\Arduino\hardware\arduino\libraries&quot;  -I&quot;C:\Program Files (x86)\Visual Micro\Visual Micro for Arduino\Micro Platforms\default\debuggers&quot;  -I&quot;C:\Users\nly96630\Documents\Arduino\libraries&quot; " build.path="C:\Users\nly96630\AppData\Local\VMicro\Arduino\Builds\TemperatureControl\nano328" build.project_name="TemperatureControl" build.variant.path="C:\Program Files (x86)\Arduino\hardware\arduino\variants\eightanaloginputs" archive_file="core.a" object_file="C:\Users\nly96630\AppData\Local\VMicro\Arduino\Builds\TemperatureControl\nano328\TemperatureController\DoEvery.cpp.o" source_file="C:\Users\nly96630\Documents\Arduino\libraries\TemperatureController\DoEvery.cpp" object_files="&quot;C:\Users\nly96630\AppData\Local\VMicro\Arduino\Builds\TemperatureControl\nano328\TemperatureControl.cpp.o&quot; &quot;C:\Users\nly96630\AppData\Local\VMicro\Arduino\Builds\TemperatureControl\nano328\Adafruit_MAX31855\Adafruit_MAX31855.cpp.o&quot; &quot;C:\Users\nly96630\AppData\Local\VMicro\Arduino\Builds\TemperatureControl\nano328\HeaterSim\HeaterSim.cpp.o&quot; &quot;C:\Users\nly96630\AppData\Local\VMicro\Arduino\Builds\TemperatureControl\nano328\CmdMessenger\CmdMessenger.cpp.o&quot; &quot;C:\Users\nly96630\AppData\Local\VMicro\Arduino\Builds\TemperatureControl\nano328\PID_v1\PID_v1.cpp.o&quot; &quot;C:\Users\nly96630\AppData\Local\VMicro\Arduino\Builds\TemperatureControl\nano328\TemperatureController\DoEvery.cpp.o&quot; " build.architecture="avr" vmresolved.compiler.path="C:\Program Files (x86)\Arduino\hardware\tools\avr\bin\" vmresolved.tools.path="C:\Program Files (x86)\Arduino\hardware\tools\avr" />
    </Platform>
    <Compile CompilerErrors="0" ConfigurationName="Debug" StopOnError="False" OptimiseLibs="True" OptimiseCore="True" BuildPath="C:\Users\nly96630\AppData\Local\VMicro\Arduino\Builds\TemperatureControl\nano328" IsDebugStart="1" IncludeDebug="0" IncludesDebug="0" SketchName="TemperatureControl" IsCompiled="1" />
    <Debug DebugEnabled="0" />
    <VCCodeModel>
      <VCCodeMacros />
    </VCCodeModel>
  </Program>
</VisualMicro>